ImageId,EncodedPixels
0a460dfc5.jpg,31835 1 32602 4 33370 6 34137 8 34905 10 35672 12 36439 15 37207 17 37974 19 38742 21 39509 23 40276 23 41044 23 41811 23 42578 24 43346 23 44113 23 44881 23 45648 23 46415 24 47183 23 47950 23 48718 23 49485 23 50252 23 51020 23 51787 23 52555 23 53322 23 54089 23 54857 23 55624 23 56392 23 57159 23 57926 23 58694 23 59461 23 60229 23 60996 23 61763 23 62531 23 63298 23 64065 24 64833 23 65600 23 66368 23 67135 23 67902 24 68670 23 69437 23 70205 23 70972 23 71739 23 72507 23 73274 23 74042 23 74809 23 75576 23 76344 23 77111 23 77879 23 78646 23 79413 23 80181 23 80948 23 81715 24 82483 23 83250 23 84018 23 84785 23 85552 24 86320 23 87087 23 87855 23 88622 23 89391 21 90161 19 90931 16 91700 15 92470 12 93239 10 94009 8 94779 5 95548 4 96318 1
0a460dfc5.jpg,156735 1 157502 4 158270 6 159037 9 159805 11 160572 14 161340 15 162107 18 162874 21 163642 23 164409 26 165177 27 165944 27 166712 27 167479 27 168246 28 169014 27 169781 27 170549 27 171316 27 172084 27 172851 27 173618 28 174386 27 175153 27 175921 27 176688 27 177456 27 178223 27 178990 27 179758 27 180525 27 181293 27 182060 27 182828 26 183595 27 184362 27 185130 27 185897 27 186665 27 187432 27 188200 26 188967 27 189734 27 190502 27 191269 27 192037 26 192804 27 193572 26 194339 27 195106 27 195874 27 196641 27 197409 26 198176 27 198944 26 199711 27 200478 27 201246 26 202013 27 202781 26 203548 27 204316 26 205083 26 205852 25 206622 22 207392 20 208162 17 208931 16 209701 13 210471 10 211240 9 212010 6 212780 4 213550 1
7cac6dc5f.jpg,120000 1 120767 4 121535 6 122302 8 123070 10 123837 13 124605 14 125372 17 126141 18 126911 17 127680 15 128450 13 129220 10 129989 8 130759 5 131528 4 132298 1
08f3f627a.jpg,500153 6 500915 12 501683 12 502451 12 503219 13 503988 12 504756 12 505524 6
08f3f627a.jpg,279476 2 280243 5 281011 7 281778 7 282545 7 283312 8 284080 7 284847 7 285614 7 286383 6 287153 3 287922 1
08f3f627a.jpg,386375 2 387143 4 387910 7 388678 9 389445 12 390213 14 390980 15 391748 14 392516 14 393283 14 394051 14 394818 14 395586 14 396353 14 397121 14 397888 15 398656 14 399424 14 400191 14 400959 14 401726 14 402494 14 403261 14 404029 14 404797 14 405564 14 406332 14 407099 14 407867 14 408634 14 409402 14 410170 13 410937 14 411705 14 412472 14 413240 14 414007 14 414775 14 415542 14 416310 14 417078 13 417845 14 418613 14 419380 14 420148 14 420915 14 421683 14 422453 11 423224 8 423994 5 424765 2
08f3f627a.jpg,240290 3 241056 5 241824 5 242592 6 243361 5 244129 5 244897 5 245665 5 246433 5 247201 6 247970 5 248738 5 249506 2
8fb84ab8b.jpg,27908 4 28676 12 29444 19 30212 27 30979 32 31747 32 32515 32 33283 32 34051 31 34819 31 35587 31 36354 32 37122 32 37890 32 38658 32 39426 31 40194 31 40962 31 41730 31 42497 32 43265 32 44033 32 44801 31 45569 31 46337 31 47105 31 47872 32 48640 32 49408 32 50176 31 50944 31 51712 31 52480 31 53247 32 54015 32 54783 32 55551 31 56319 31 57087 31 57855 31 58623 31 59390 32 60158 32 60926 31 61694 31 62462 31 63230 31 63998 31 64765 32 65533 32 66301 31 67069 31 67837 31 68605 31 69373 31 70140 32 70908 32 71676 31 72444 31 73212 31 73980 31 74748 31 75516 31 76283 32 77051 31 77819 31 78587 31 79355 31 80123 31 80891 31 81658 32 82426 31 83194 31 83962 31 84730 31 85498 31 86266 31 87033 32 87801 31 88569 31 89337 31 90105 31 90873 31 91641 31 92409 31 93176 31 93944 31 94712 31 95480 31 96248 31 97016 31 97784 31 98551 31 99319 31 100087 31 100855 31 101623 31 102391 31 103159 31 103926 31 104694 31 105462 31 106230 31 106998 31 107766 31 108534 31 109302 30 110069 31 110837 31 111605 31 112373 31 113141 31 113909 31 114677 30 115444 31 116212 31 116980 31 117748 31 118516 31 119284 31 120052 30 120819 31 121587 31 122355 31 123123 31 123891 31 124659 31 125427 30 126195 30 126962 31 127730 31 128498 31 129266 31 130034 31 130802 30 131570 30 132337 31 133105 31 133873 31 134641 31 135409 31 136177 30 136945 30 137712 31 138480 31 139248 31 140016 31 140784 31 141552 30 142320 30 143088 30 143855 31 144623 31 145391 31 146159 31 146927 30 147695 30 148463 30 149230 31 149998 31 150766 31 151534 31 152306 26 153081 19 153857 11 154632 4
26c113120.jpg,498406 4 499174 11 499942 15 500710 15 501478 15 502245 16 503013 16 503781 16 504549 15 505317 15 506085 15 506853 15 507621 15 508388 16 509156 16 509924 16 510692 16 511460 16 512228 16 512996 15 513764 15 514531 16 515299 16 516067 16 516835 16 517603 16 518371 16 519139 16 519907 16 520674 16 521442 16 522210 16 522978 16 523746 16 524522 8
27ce88424.jpg,29170 4 29938 8 30706 8 31474 8 32242 8 33010 8 33778 8 34546 8 35314 8 36081 9 36849 8 37617 8 38385 8 39153 8 39921 8 40689 8 41457 8 42225 8 42993 8 43761 8 44529 8 45297 8 46065 8 46833 8 47601 8 48368 9 49136 8 49904 8 50672 8 51440 8 52208 8 52976 8 53744 8 54512 8 55284 4
27ce88424.jpg,337062 1 337829 4 338597 5 339364 7 340131 10 340898 12 341666 13 342433 13 343200 14 343967 14 344735 13 345502 13 346269 14 347036 14 347804 13 348571 13 349338 14 350105 14 350873 13 351640 13 352407 14 353174 14 353942 13 354709 13 355476 14 356243 14 357011 13 357778 13 358545 14 359312 14 360080 13 360847 13 361614 14 362381 14 363149 13 363916 13 364683 14 365450 14 366218 13 366985 13 367752 14 368519 14 369287 13 370054 13 370821 14 371588 14 372356 13 373123 13 373892 12 374662 9 375431 7 376200 5 376970 3 377739 1
27ce88424.jpg,490251 3 491019 7 491787 11 492554 15 493322 15 494090 15 494858 14 495626 14 496393 15 497161 15 497929 15 498697 14 499465 14 500232 15 501000 15 501768 15 502536 14 503304 14 504071 15 504839 15 505607 14 506375 14 507143 14 507910 15 508678 15 509446 14 510214 14 510982 14 511749 15 512517 15 513285 14 514053 14 514820 15 515588 15 516356 15 517124 14 517892 14 518659 15 519427 15 520195 15 520963 14 521731 14 522498 15 523266 15 524034 14 524802 14 525570 14 526337 15 527105 15 527873 14 528641 14 529409 14 530176 15 530944 15 531712 14 532484 10 533258 4
057e90bcf.jpg,389765 2 390533 5 391300 9 392068 12 392836 15 393603 19 394371 21 395139 24 395906 28 396674 31 397442 34 398209 37 398977 37 399745 36 400513 36 401280 37 402048 36 402816 36 403583 37 404351 36 405119 36 405886 37 406654 36 407422 36 408189 37 408957 37 409725 36 410492 37 411260 37 412028 36 412795 37 413563 37 414331 36 415098 37 415866 37 416634 36 417401 37 418169 37 418937 36 419705 36 420472 37 421240 36 422008 36 422775 37 423543 36 424311 36 425078 37 425846 36 426614 36 427381 37 428149 36 428917 36 429684 37 430452 37 431220 36 431987 37 432755 37 433523 36 434290 37 435058 37 435826 36 436593 37 437361 37 438129 36 438897 36 439664 37 440432 36 441200 36 441967 37 442735 36 443503 36 444270 37 445038 36 445806 36 446573 37 447341 36 448109 36 448876 37 449644 36 450412 36 451179 37 451947 37 452715 36 453482 37 454250 37 455018 36 455785 37 456553 37 457321 36 458089 36 458856 37 459624 36 460392 36 461159 37 461927 36 462695 36 463462 37 464230 36 464998 36 465765 37 466533 36 467301 36 468068 37 468836 36 469604 36 470371 37 471139 36 471907 36 472674 37 473442 37 474210 36 474978 36 475745 37 476513 36 477281 36 478048 37 478816 36 479584 36 480351 37 481119 36 481887 36 482654 37 483422 36 484190 36 484957 37 485725 36 486493 36 487260 37 488028 36 488796 36 489563 37 490331 36 491099 36 491866 37 492634 36 493402 36 494170 36 494937 37 495705 36 496473 36 497240 37 498008 36 498776 36 499543 37 500311 36 501079 36 501846 37 502614 36 503382 36 504149 37 504917 36 505685 36 506452 37 507220 36 507988 36 508755 37 509523 36 510291 36 511058 37 511826 36 512594 36 513362 36 514129 36 514897 36 515665 36 516432 37 517200 36 517968 36 518735 37 519503 36 520271 36 521038 37 521806 36 522574 36 523341 37 524109 36 524877 36 525644 37 526412 36 527180 36 527947 37 528715 36 529483 36 530250 37 531018 36 531786 36 532554 36 533321 36 534089 36 534857 36 535624 36 536392 36 537160 36 537927 37 538695 36 539463 36 540230 37 540998 36 541766 36 542533 37 543301 36 544069 36 544836 37 545604 36 546372 36 547139 37 547907 36 548675 36 549442 37 550210 36 550978 36 551746 36 552513 36 553281 36 554049 36 554816 36 555584 36 556352 36 557119 36 557887 36 558655 36 559422 37 560190 36 560960 34 561731 31 562503 26 563274 23 564045 20 564816 16 565587 13 566359 9 567130 5 567901 2
60f33f4ef.jpg,344290 2 345058 6 345826 10 346593 15 347361 18 348129 22 348897 26 349664 30 350432 34 351200 38 351968 42 352735 46 353503 50 354271 54 355039 57 355806 62 356574 66 357342 70 358110 72 358877 73 359645 73 360413 72 361181 72 361948 73 362716 73 363486 70 364258 66 365030 62 365802 58 366573 54 367345 50 368117 46 368888 43 369660 38 370432 34 371204 30 371975 27 372747 22 373519 18 374290 15 375062 11 375834 6 376606 2
60f33f4ef.jpg,176506 2 177274 6 178041 11 178809 15 179577 18 180344 23 181112 27 181880 29 182647 30 183415 29 184185 27 184957 23 185729 18 186501 14 187272 11 188044 6 188816 2
60f33f4ef.jpg,342062 2 342830 5 343597 10 344365 13 345133 16 345900 20 346668 23 347436 27 348203 31 348971 33 349741 31 350513 27 351284 23 352055 20 352827 16 353599 12 354371 7 355143 3 355913 1
60f33f4ef.jpg,170283 10 171051 30 171819 49 172587 59 173355 59 174123 59 174891 59 175659 59 176427 59 177195 59 177962 60 178730 60 179498 60 180266 60 181034 59 181802 59 182570 59 183338 59 184106 59 184874 59 185650 51 186432 37 187215 22 187997 8
60f33f4ef.jpg,351281 2 352049 6 352817 10 353585 13 354353 16 355120 21 355888 24 356656 25 357424 24 358195 21 358967 17 359740 12 360512 7 361284 3
596b97e57.jpg,269298 1 270065 3 270832 5 271598 8 272365 10 273132 10 273899 10 274666 9 275433 9 276200 9 276966 10 277733 9 278500 9 279267 9 280034 9 280803 7 281573 3 282342 1
596b97e57.jpg,360541 1 361308 4 362076 6 362843 8 363611 7 364378 8 365146 7 365913 8 366681 7 367448 8 368216 7 368983 8 369751 7 370518 8 371286 7 372053 8 372821 7 373588 8 374356 7 375123 8 375892 6 376662 4 377432 1
596b97e57.jpg,216353 1 217120 4 217887 6 218655 7 219422 10 220189 12 220956 12 221724 11 222491 12 223258 12 224025 12 224793 11 225560 12 226327 12 227096 10 227866 7 228635 6 229404 4 230174 1
596b97e57.jpg,573973 1 574740 4 575508 5 576275 8 577042 10 577809 10 578577 10 579344 10 580111 10 580878 11 581646 10 582413 10 583180 10 583949 9 584718 7 585488 4 586257 3 587026 1
596b97e57.jpg,580832 1 581599 4 582367 5 583134 8 583902 9 584669 9 585437 9 586204 9 586972 8 587739 8 588507 8 589274 8
596b97e57.jpg,547061 10 547820 19 548588 19 549356 19 550124 19 550893 18 551661 18 552429 18 553197 9
27727de71.jpg,85928 1 86695 3 87461 6 88228 7 88995 9 89762 11 90529 13 91295 16 92062 17 92829 19 93596 21 94362 24 95129 26 95896 27 96663 29 97430 31 98196 34 98963 36 99730 38 100497 39 101263 42 102030 44 102797 46 103564 48 104331 49 105097 52 105864 54 106631 56 107400 56 108169 55 108937 56 109706 56 110475 56 111244 56 112013 55 112781 56 113550 56 114319 56 115088 56 115857 55 116626 55 117394 56 118163 56 118932 56 119701 56 120470 55 121238 56 122007 56 122776 56 123545 56 124314 55 125082 56 125851 56 126620 56 127389 56 128158 55 128927 55 129695 56 130464 56 131233 56 132002 55 132771 55 133539 56 134308 56 135077 56 135846 55 136615 55 137383 56 138152 56 138921 56 139690 56 140459 55 141227 56 141996 56 142765 56 143534 56 144303 55 145072 55 145840 56 146609 56 147378 56 148147 55 148916 55 149684 56 150453 56 151222 56 151991 55 152760 55 153528 56 154297 56 155066 56 155835 55 156604 55 157373 55 158141 56 158910 56 159679 56 160448 55 161217 55 161985 56 162754 56 163523 56 164292 55 165061 55 165829 56 166598 56 167367 56 168136 55 168905 55 169673 56 170442 55 171211 54 171980 53 172749 52 173518 51 174286 51 175055 50 175824 49 176593 48 177362 47 178130 47 178899 46 179668 45 180437 44 181206 43 181974 43 182743 42 183512 41 184281 40 185050 39 185819 38 186587 38 187356 37 188125 36 188894 35 189663 34 190431 34 191200 33 191969 32 192738 31 193507 30 194275 30 195044 29 195813 28 196582 27 197351 26 198119 26 198888 25 199657 24 200426 23 201195 22 201964 21 202732 21 203501 20 204270 19 205039 18 205808 17 206576 17 207345 16 208114 15 208883 14 209652 13 210420 13 211189 12 211958 11 212727 10 213496 9 214265 8 215033 8 215802 7 216571 6 217340 5 218109 4 218877 4 219646 3 220415 1
6260359bc.jpg,161601 2 162365 6 163129 11 163894 14 164658 18 165422 22 166188 25 166956 25 167725 24 168493 24 169261 25 170029 25 170798 24 171566 24 172334 25 173102 25 173871 24 174639 24 175407 25 176175 25 176944 24 177712 25 178480 25 179249 24 180017 24 180785 25 181553 25 182322 24 183090 24 183858 25 184626 25 185395 24 186163 24 186931 25 187699 25 188468 24 189236 25 190004 25 190773 24 191541 24 192309 25 193077 25 193846 24 194614 24 195382 25 196150 25 196919 24 197687 24 198455 25 199223 25 199992 24 200760 24 201528 25 202297 24 203065 24 203833 25 204601 25 205370 24 206138 24 206906 25 207674 25 208443 24 209211 24 209979 25 210748 24 211516 24 212284 24 213052 25 213821 24 214589 24 215357 25 216125 25 216894 24 217662 24 218430 25 219198 25 219967 24 220735 24 221503 25 222272 24 223040 24 223808 24 224576 25 225345 24 226113 24 226881 24 227649 25 228418 24 229186 21 229954 17 230722 12 231491 7 232259 3
aa901772f.jpg,256715 1 257482 4 258250 5 259017 7 259784 10 260551 12 261319 14 262086 16 262853 19 263620 21 264388 22 265155 25 265922 27 266690 26 267457 27 268224 27 268991 27 269759 26 270526 27 271293 27 272060 27 272828 26 273595 27 274362 27 275130 26 275897 27 276664 27 277431 27 278199 26 278966 27 279733 27 280500 27 281268 26 282035 27 282802 27 283570 26 284337 27 285104 27 285871 27 286639 26 287406 27 288173 27 288941 26 289708 26 290475 27 291242 27 292010 26 292777 27 293544 27 294311 27 295079 26 295846 27 296613 27 297381 26 298148 27 298915 27 299682 27 300450 26 301217 27 301984 27 302751 27 303519 26 304286 27 305053 27 305821 26 306588 27 307355 27 308122 27 308890 26 309657 27 310424 27 311191 27 311959 26 312726 27 313495 25 314265 22 315034 21 315803 19 316573 16 317342 14 318112 12 318881 10 319651 7 320420 5 321189 4 321959 1
b54923d5e.jpg,401192 11 401950 21 402718 21 403486 21 404254 21 405022 21 405790 21 406558 21 407326 21 408094 21 408862 21 409630 22 410399 21 411167 21 411935 21 412703 21 413471 21 414239 21 415007 21 415775 21 416543 21 417311 21 418079 21 418847 21 419615 21 420383 21 421151 21 421919 21 422687 21 423455 21 424223 21 424991 21 425759 22 426528 21 427296 21 428064 21 428832 21 429600 21 430368 21 431136 21 431904 21 432672 21 433440 21 434208 21 434976 21 435744 21 436512 21 437280 21 438048 21 438816 21 439584 21 440352 21 441120 21 441888 21 442656 22 443425 21 444193 21 444961 21 445729 21 446497 21 447265 21 448033 21 448801 21 449569 21 450337 21 451105 21 451873 21 452641 21 453409 21 454177 21 454945 21 455713 21 456481 21 457249 21 458017 21 458785 22 459554 21 460322 21 461090 21 461858 21 462626 21 463394 21 464162 21 464930 21 465698 21 466466 21 467234 10
b54923d5e.jpg,517923 18 518691 18 519459 18 520227 18 520995 18 521763 18 522531 18 523299 18 524067 18 524835 18 525603 18 526371 18 527139 18 527907 18 528675 18 529443 18 530211 18 530979 18 531747 18 532515 18 533283 18 534051 18 534819 18 535587 18 536355 18 537123 18 537891 18 538659 18 539427 17 540195 17 540963 17 541731 17 542499 17 543267 17 544035 17 544803 17 545571 17 546339 17 547107 17 547875 16 548643 16 549411 16 550179 16 550947 16 551714 17 552482 17 553250 17 554018 17 554786 17 555554 19 556322 19 557090 19 557858 19 558626 19 559394 19 560162 19 560930 19 561698 19 562466 19 563234 19 564002 19 564770 19 565538 19 566306 19 567074 19 567842 19 568610 19 569378 19 570146 19 570914 19 571682 19 572450 19 573218 19 573986 19 574754 19 575522 19 576290 19 577058 19 577826 19 578594 19 579362 19 580130 19 580898 19 581666 19 582434 19 583202 19 583970 19 584738 19 585516 9
b54923d5e.jpg,539445 3 540213 6 540981 6 541749 6 542517 6 543285 6 544053 6 544821 6 545589 6 546357 6 547125 6 547893 5 548661 5 549429 5 550197 5 550965 5 551733 5 552501 5 553269 5 554037 5 554805 5
b54923d5e.jpg,400360 19 401128 19 401896 19 402664 19 403432 19 404200 19 404968 19 405736 19 406504 19 407272 19 408040 19 408808 19 409576 19 410344 19 411112 19 411880 19 412648 19 413416 19 414184 19 414952 19 415720 19 416488 19 417256 19 418024 19 418792 19 419560 19 420328 19 421096 19 421864 19 422632 19 423400 19 424168 19 424936 19 425704 19 426472 19 427240 19 428008 19 428776 19 429544 19 430312 19 431080 19 431848 19 432616 19 433384 19 434152 19 434920 19 435688 19 436456 19 437224 19 437992 19 438760 19 439528 19 440296 19 441063 19 441831 19 442599 19 443367 19 444135 19 444903 19 445671 19 446439 19 447207 19 447975 19 448743 19 449511 19 450279 19 451047 19 451815 19 452583 19 453351 19 454119 19 454887 19 455655 19 456423 19 457191 19 457959 19 458727 19 459495 19 460263 19 461031 19 461799 19 462567 19 463335 19 464103 19 464871 19 465639 19 466407 19 467175 19 467943 19 468711 19 469479 19 470247 19 471015 19 471783 19 472551 19 473319 19 474087 19 474855 19 475623 19 476391 19 477159 19 477927 19 478695 19 479463 19 480231 19
bea438f39.jpg,179445 2 180213 5 180980 8 181748 10 182515 11 183283 10 184051 10 184818 10 185586 10 186353 11 187121 10 187889 10 188656 10 189424 10 190191 11 190959 10 191727 10 192494 10 193262 10 194029 11 194797 10 195564 11 196332 10 197100 10 197867 10 198635 10 199402 11 200170 10 200938 10 201705 10 202473 10 203240 11 204008 10 204776 10 205543 10 206311 10 207078 11 207846 10 208616 8 209387 4 210157 2
bea438f39.jpg,285823 2 286588 5 287353 9 288117 13 288882 16 289647 20 290412 23 291177 26 291942 30 292706 34 293471 37 294236 40 295001 44 295766 47 296531 50 297295 55 298060 58 298825 61 299590 65 300355 68 301120 71 301884 76 302649 79 303414 80 304180 79 304948 76 305717 71 306485 68 307253 65 308022 61 308790 58 309558 55 310327 50 311095 47 311863 44 312631 41 313400 37 314168 34 314936 30 315705 26 316473 23 317241 20 318010 16 318778 13 319546 9 320315 5 321083 2
bea438f39.jpg,200983 1 201751 3 202518 6 203286 8 204053 11 204821 12 205588 13 206356 12 207123 13 207891 12 208658 13 209426 12 210193 13 210961 12 211728 13 212496 12 213263 13 214031 12 214799 12 215566 12 216334 12 217101 12 217869 12 218636 12 219404 12 220171 12 220939 12 221706 12 222474 12 223241 12 224009 12 224776 12 225544 12 226311 12 227079 12 227846 12 228614 12 229384 9 230154 7 230924 4 231694 2
c623f7a52.jpg,233369 4 234137 11 234905 17 235673 24 236440 29 237208 29 237976 29 238744 29 239512 28 240280 28 241047 29 241815 29 242583 29 243351 29 244119 28 244887 28 245654 29 246422 29 247190 29 247958 29 248726 29 249494 28 250261 29 251029 29 251797 29 252565 29 253333 29 254101 29 254869 28 255637 28 256405 28 257172 29 257940 29 258708 29 259476 28 260244 28 261012 28 261780 28 262548 28 263316 28 264083 29 264851 28 265619 28 266387 28 267155 28 267923 28 268691 28 269459 28 270227 27 270994 28 271762 28 272530 28 273298 28 274066 28 274832 29 275600 29 276368 29 277136 29 277903 30 278671 30 279439 30 280207 29 280975 29 281743 29 282510 30 283278 30 284046 30 284814 29 285582 29 286350 29 287117 30 287885 30 288653 30 289421 30 290189 29 290957 29 291724 30 292492 30 293260 30 294028 30 294796 30 295564 29 296331 30 297099 30 297867 30 298635 30 299406 27 300180 20 300954 14 301727 9 302501 3
c623f7a52.jpg,518684 7 519452 19 520220 25 520988 25 521756 25 522524 25 523292 25 524059 26 524827 26 525595 25 526363 25 527131 25 527899 25 528667 25 529435 25 530203 25 530971 25 531739 25 532507 25 533275 25 534042 26 534810 26 535578 25 536346 25 537114 25 537882 25 538650 25 539418 25 540186 25 540954 25 541722 25 542490 25 543258 25 544025 26 544793 26 545561 25 546329 25 547097 25 547865 25 548633 25 549401 25 550169 23 550937 23 551705 23 552473 23 553240 24 554008 24 554776 24 555544 24 556312 24 557080 24 557848 24 558616 25 559384 25 560152 25 560920 25 561688 25 562456 25 563223 26 563991 26 564759 25 565527 25 566295 25 567063 25 567831 25 568599 25 569367 25 570135 25 570903 25 571671 25 572439 25 573206 26 573974 26 574742 25 575510 25 576278 25 577046 25 577814 25 578589 18 579369 6
c623f7a52.jpg,398673 3 399436 8 400200 12 400963 18 401728 21 402496 21 403264 21 404033 21 404801 21 405569 21 406337 21 407106 21 407874 21 408642 21 409410 21 410179 21 410947 21 411715 21 412483 21 413252 21 414020 21 414788 21 415556 21 416325 21 417093 21 417861 21 418629 21 419398 21 420166 21 420934 21 421702 21 422471 21 423239 21 424007 21 424775 21 425544 21 426312 21 427080 21 427848 21 428616 22 429385 21 430153 21 430921 21 431689 22 432458 21 433226 21 433994 21 434762 22 435531 21 436299 21 437067 21 437835 22 438604 21 439372 21 440140 21 440908 22 441677 21 442445 21 443213 21 443981 22 444750 21 445518 21 446286 21 447054 22 447823 21 448591 21 449359 19 450127 15 450896 10 451664 6 452432 2
c623f7a52.jpg,416687 3 417450 8 418213 13 418978 17 419746 17 420514 17 421283 16 422051 17 422819 17 423587 17 424356 16 425124 16 425892 17 426660 17 427428 17 428197 16 428965 16 429733 17 430501 17 431269 17 432038 16 432806 17 433574 17 434342 17 435111 16 435879 16 436647 17 437415 17 438183 17 438952 16 439720 16 440488 17 441256 17 442024 17 442793 16 443561 17 444329 17 445097 17 445866 13 446634 8 447402 3
c623f7a52.jpg,550194 6 550962 6 551730 6 552498 6 553266 6 554034 6 554801 7 555569 7 556337 7 557105 7 557873 7 558641 8 559409 8 560177 8 560945 8 561713 8 562481 8 563249 8 564017 8 564785 8 565553 8 566321 8
c623f7a52.jpg,252556 5 253324 9 254092 9 254860 8 255628 8 256395 9 257163 9 257931 9 258699 9 259467 8 260235 8 261003 8 261771 8 262539 8 263306 9 264074 8 264842 8 265610 8 266378 8 267146 8 267914 8 268682 7 269450 7 270217 8 270985 8 271753 8 272521 8 273289 7 274062 2
d4c0f017a.jpg,472671 3 473435 7 474199 11 474963 16 475727 20 476492 23 477260 23 478028 24 478797 23 479565 23 480333 23 481101 24 481870 23 482638 23 483406 23 484174 23 484943 23 485711 23 486479 23 487247 23 488015 24 488784 23 489552 23 490320 23 491088 24 491857 23 492625 23 493393 23 494161 23 494930 23 495698 23 496466 23 497234 23 498002 24 498771 23 499539 23 500307 23 501075 24 501844 23 502612 23 503380 23 504148 23 504917 23 505685 23 506453 23 507221 23 507989 24 508758 23 509526 23 510294 23 511062 24 511831 23 512599 23 513367 23 514135 23 514904 23 515672 23 516440 23 517208 23 517976 24 518745 23 519513 23 520281 23 521049 24 521818 23 522586 23 523354 23 524122 23 524891 23 525659 23 526427 23 527195 23 527963 24 528732 23 529500 23 530268 23 531036 24 531805 23 532573 23 533341 23 534109 23 534878 23 535646 23 536414 23 537182 23 537950 24 538719 23 539487 23 540255 23 541023 24 541792 23 542560 23 543328 23 544096 23 544865 23 545633 23 546401 23 547169 23 547937 24 548706 23 549474 23 550242 23 551010 24 551779 23 552547 23 553315 20 554083 16 554852 11 555620 7 556388 3
ddb60deef.jpg,321075 1 321842 3 322609 5 323377 7 324144 9 324911 11 325678 13 326447 13 327216 14 327986 13 328755 13 329524 13 330294 10 331063 9 331832 7 332601 5 333371 3 334140 1
ddb60deef.jpg,125100 21 125868 21 126636 21 127404 21 128172 21 128940 21 129708 21
e422d20fa.jpg,121837 2 122603 4 123371 4 124140 3 124908 4 125676 4 126445 3 127213 3
f3f80b4db.jpg,291156 3 291922 5 292688 8 293454 10 294220 13 294986 15 295753 17 296522 16 297290 17 298059 16 298827 17 299596 16 300364 17 301133 16 301901 17 302670 16 303438 17 304207 16 304975 17 305744 16 306512 17 307281 16 308050 16 308818 16 309587 16 310355 16 311124 16 311892 16 312661 16 313429 16 314198 16 314966 16 315735 16 316503 16 317272 16 318041 15 318809 16 319578 15 320346 16 320363 1 321115 17 321883 18 322652 17 323420 18 324189 18 324957 18 325726 18 326494 18 327263 18 328031 18 328800 18 329569 17 330337 18 331106 17 331874 18 332643 17 333411 18 334180 16 334948 14 335717 11 336485 9 337254 6 338022 4 338791 1
f3f80b4db.jpg,517129 1 517895 3 518661 6 519427 8 520193 11 520962 10 521730 11 522499 10 523267 11 524036 10 524804 11 525573 10 526341 10 527109 11 527878 10 528646 11 529415 10 530183 11 530952 10 531720 11 532489 10 533257 11 534026 10 534794 10 535563 10 536331 10 537100 10 537868 10 538636 11 539405 10 540173 11 540942 10 541710 11 542479 10 543247 10 544016 10 544784 10 545553 10 546321 10 547090 10 547858 10 548626 11 549395 10 550163 11 550932 10 551700 8 552469 5 553237 2
f3f80b4db.jpg,287325 2 288090 5 288856 7 289622 10 290391 9 291160 9 291928 9 292697 9 293465 9 294234 9 295002 9 295771 9 296539 9 297308 8 298076 9 298845 8 299613 9 300382 8 301150 9 301919 8 302688 8 303456 8 304225 8 304993 8 305762 7 306530 8 307299 7 308067 8 308836 7 309604 8 310373 7 311141 8 311910 7 312679 7 313447 7 314216 9 314984 9 315753 9 316521 9 317290 9 318058 7 318827 4 319595 2
f3f80b4db.jpg,174782 1 175548 4 176315 5 177081 8 177848 10 178614 12 179381 14 180150 14 180918 14 181687 14 182456 14 183224 14 183993 14 184762 14 185530 14 186299 14 187068 14 187836 14 188605 14 189374 14 190142 15 190911 14 191680 14 192448 15 193217 14 193986 14 194755 14 195523 14 196292 14 197061 14 197829 14 198598 14 199367 14 200135 14 200904 14 201673 14 202441 14 203210 14 203979 12 204747 10 205516 8 206285 5 207053 4 207822 1
f3f80b4db.jpg,528628 2 529394 4 530160 7 530926 9 531692 11 532460 12 533229 11 533997 12 534766 11 535534 12 536303 11 537071 12 537840 11 538608 12 539377 11 540145 12 540914 11 541682 12 542451 11 543219 11 543988 11 544756 11 545525 11 546293 11 547062 11 547830 11 548599 11 549367 11 550136 11 550904 11 551673 11 552441 11 553210 10 553978 11 554747 10 555515 11 556284 10 557052 11 557821 10 558589 11 559358 10 560126 11 560895 9 561663 7 562432 4 563200 2
f3f80b4db.jpg,514812 2 515578 4 516344 7 517110 9 517876 12 518642 14 519408 17 520176 17 520945 15 521713 15 522482 15 523250 15 524019 15 524787 15 525556 15 526324 15 527093 15 527861 15 528630 14 529398 15 530167 14 530935 15 531704 14 532472 15 533241 14 534009 15 534778 14 535546 14 536315 14 537083 14 537852 14 538620 14 539389 14 540157 14 540926 13 541694 14 542463 13 543231 14 544000 13 544768 14 545537 13 546305 14 547074 13 547842 13 548611 13 549379 13 550148 13 550916 13 551685 13 552453 13 553222 13 553990 13 554005 1 554759 15 555527 16 556296 15 557064 16 557833 15 558601 16 559370 15 560138 15 560905 17 561674 16 562442 17 563211 16 563979 17 564747 17 565516 17 566284 17 567053 17 567821 17 568590 17 569358 17 570127 17 570895 17 571664 14 572432 12 573201 9 573969 7 574738 4 575506 2
f3f80b4db.jpg,90218 1 90984 4 91751 6 92518 8 93287 7 94056 7 94824 8 95593 8 96362 8 97131 8 97899 8 98668 8 99437 8 100206 8 100975 6 101744 3 102512 1
f3f80b4db.jpg,285030 1 285796 3 286562 6 287328 8 288096 9 288864 9 289633 9 290401 9 291170 9 291938 9 292707 8 293475 9 294244 8 295012 9 295781 8 296549 9 297318 8 298086 8 298855 8 299623 8 300392 8 301160 8 301929 8 302697 8 303466 8 304234 8 305003 7 305771 8 306540 7 307308 8 308077 7 308845 8 309614 7 310382 8 311151 7 311919 5 312688 2
f3f80b4db.jpg,90979 1 91745 4 92512 6 93279 7 94045 10 94812 12 95581 12 96350 12 97118 13 97887 12 98656 12 99425 12 100194 12 100962 12 101731 12 102500 12 103269 12 104037 13 104806 13 105575 13 106344 13 107113 12 107881 13 108650 13 109419 11 110188 9 110957 7 111725 5 112494 3 113263 1
f3f80b4db.jpg,256120 1 256886 4 257653 5 258419 8 259185 10 259952 12 260718 15 261485 16 262254 16 263022 17 263791 16 264559 17 265328 16 266097 16 266865 17 267634 16 268403 16 269171 17 269940 16 270708 17 271477 16 272246 16 273014 17 273783 16 274552 16 275320 17 276089 16 276857 17 277626 16 278395 16 279163 17 279932 16 280701 16 281469 17 282238 16 283006 17 283775 16 284544 16 285312 15 286081 12 286850 10 287618 8 288387 5 289155 4 289924 1
f69ab5024.jpg,333772 34 334540 100 335308 133 336076 133 336844 133 337612 133 338380 133 339148 133 339916 133 340684 133 341452 133 342220 133 342988 133 343756 133 344523 134 345291 134 346059 134 346827 134 347595 134 348363 134 349131 134 349899 134 350667 134 351435 134 352203 134 352971 30 353009 96 353739 16 353777 96 354545 35 354586 55 355375 34
f69ab5024.jpg,354515 26 355283 30 356051 30 356819 30 357587 30 358355 31 359123 31 359891 31 360659 31 361427 31 362195 31 362963 23 363731 8
f69ab5024.jpg,355348 17 356116 27 356883 34 357651 34 358419 34 359187 34 359955 34 360723 34 361490 34 362258 34 363026 34 363800 28 364579 17 365358 6
f69ab5024.jpg,36456 2 37220 6 37985 10 38749 14 39514 17 40279 20 41043 25 41808 28 42572 32 43338 35 44106 35 44875 34 45643 34 46411 35 47179 35 47948 34 48716 35 49484 35 50253 34 51021 35 51789 35 52557 35 53326 34 54094 35 54862 35 55631 34 56399 35 57167 35 57935 35 58704 34 59472 35 60240 35 61009 34 61777 35 62545 35 63313 35 64082 34 64850 35 65618 35 66387 34 67155 35 67923 35 68691 35 69460 35 70228 35 70996 35 71765 34 72533 35 73301 35 74069 35 74838 35 75606 35 76374 35 77143 34 77911 35 78679 35 79447 35 80216 35 80984 35 81752 35 82521 34 83289 35 84057 35 84825 35 85594 35 86362 35 87130 35 87899 35 88667 35 89435 35 90203 35 90972 35 91740 35 92508 35 93277 35 94045 35 94813 35 95581 35 96350 35 97118 35 97886 35 98655 35 99423 35 100191 35 100959 35 101728 35 102496 35 103264 35 104033 35 104801 35 105569 35 106337 36 107106 35 107874 35 108642 35 109411 35 110179 35 110947 35 111715 36 112484 35 113252 35 114020 35 114789 35 115557 35 116325 35 117093 36 117862 35 118630 35 119398 35 120167 35 120935 35 121703 35 122472 35 123240 35 124008 35 124776 36 125545 35 126313 35 127081 35 127850 35 128618 35 129386 35 130154 36 130923 35 131691 35 132459 35 133228 35 133996 35 134764 35 135532 36 136301 35 137069 35 137837 35 138606 35 139374 35 140142 35 140910 36 141679 35 142447 35 143215 36 143984 35 144752 35 145520 35 146288 36 147057 35 147825 35 148593 36 149362 35 150130 35 150898 35 151666 36 152435 35 153203 35 153971 36 154740 35 155508 35 156276 35 157044 36 157813 35 158581 35 159349 36 160118 35 160886 35 161654 36 162422 36 163191 35 163959 35 164727 36 165496 35 166264 35 167032 36 167800 36 168569 35 169337 35 170105 36 170874 35 171642 35 172410 36 173178 36 173947 35 174715 35 175483 36 176252 35 177020 35 177788 36 178556 36 179325 35 180093 36 180861 36 181630 35 182398 35 183166 36 183934 36 184703 33 185471 29 186239 26 187008 21 187776 17 188544 14 189312 10 190081 6 190849 2
f97f80839.jpg,176233 2 176998 5 177763 9 178528 12 179293 15 180058 19 180823 22 181588 25 182353 29 183119 31 183887 31 184656 30 185424 31 186192 31 186961 30 187729 31 188497 31 189266 30 190034 31 190802 31 191570 31 192339 31 193107 31 193875 31 194644 31 195412 31 196180 31 196949 31 197717 31 198485 31 199254 30 200022 31 200790 31 201559 30 202327 31 203095 31 203864 30 204632 31 205400 31 206168 31 206937 31 207705 31 208473 31 209242 31 210010 31 210778 31 211547 31 212315 31 213083 31 213852 30 214620 31 215388 31 216157 30 216925 31 217693 31 218462 30 219230 31 219998 31 220766 31 221535 31 222303 31 223071 31 223840 31 224608 31 225376 31 226145 31 226913 31 227681 31 228450 30 229218 31 229986 31 230755 30 231523 31 232291 31 233060 30 233828 31 234596 31 235364 29 236133 25 236901 22 237669 19 238438 15 239206 12 239974 9 240743 5 241511 2
fc00f3193.jpg,196411 1 197178 3 197945 5 198712 7 199479 9 200247 10 201014 13 201781 15 202548 17 203315 19 204082 21 204849 23 205616 25 206383 27 207152 27 207919 29 208687 30 209454 33 210221 35 210989 36 211756 38 212524 39 213291 41 214060 41 214829 41 215598 41 216367 41 217137 40 217906 41 218675 41 219444 41 220213 41 220982 41 221751 41 222520 41 223289 41 224058 41 224827 41 225597 40 226366 41 227135 41 227904 41 228673 41 229442 41 230211 41 230980 41 231749 41 232518 41 233287 41 234057 40 234826 41 235595 41 236364 41 237133 41 237902 41 238671 41 239440 41 240209 39 240978 37 241747 35 242517 32 243286 31 244055 29 244824 27 245593 25 246362 23 247131 21 247900 19 248669 17 249438 15 250207 13 250977 11 251746 9 252515 7 253284 5 254053 3 254822 1
fc00f3193.jpg,268675 2 269439 6 270203 11 270969 13 271737 13 272506 12 273274 13 274042 13 274810 13 275579 13 276347 13 277115 13 277884 12 278652 13 279420 13 280188 13 280957 13 281725 13 282493 13 283262 13 284030 13 284798 13 285567 12 286335 13 287103 13 287871 11 288640 6 289408 2
fc00f3193.jpg,58929 1 59696 3 60463 6 61231 7 61998 9 62765 12 63532 14 64300 15 65067 18 65834 20 66601 22 67369 21 68136 21 68903 22 69670 22 70437 22 71205 21 71972 22 72739 22 73506 22 74274 21 75041 22 75808 22 76577 20 77346 18 78116 15 78885 14 79654 12 80424 9 81193 7 81962 6 82732 3 83501 1
fc00f3193.jpg,198685 1 199452 4 200220 6 200987 8 201754 11 202522 13 203289 15 204057 17 204824 19 205591 22 206359 24 207126 24 207895 23 208665 20 209435 17 210204 15 210974 12 211744 9 212513 9 213283 8 214052 6 214822 4 215592 1
